Year,Levy per $1000 taxable value
2010,4.14
2011,4.11
2012,3.99
2013,3.79347
2014,3.67794
2015,3.53535